CREATE DATABASE ASSIGNMENT2;

DROP TABLE PATIENT;
DROP TABLE TEST_CENTRE;
DROP TABLE TEST;
DROP TABLE TEST_RECORD;
DROP TABLE LOCATION;

CREATE TABLE PATIENT (
    NHS_Number          BIGINT UNIQUE NOT NULL,
    Pat_FName           VARCHAR(25) NOT NULL,
    Pat_LName           VARCHAR(25) NOT NULL,
    Pat_DOB             DATE NOT NULL,
    Pat_Tel             VARCHAR(15) UNIQUE NOT NULL,
    Pat_Address_1       VARCHAR(50) NOT NULL,
    Pat_Town_City       VARCHAR(25) NOT NULL,
    Pat_County          VARCHAR(35) NOT NULL,
    Pat_PostCode        VARCHAR(8) NOT NULL,
    Pat_Country         VARCHAR(25) NOT NULL,
    PRIMARY KEY (NHS_Number)
);

CREATE TABLE TEST_CENTRE(
    Centre_ID           INT UNIQUE NOT NULL,
    Centre_Name         VARCHAR(50) NOT NULL,
    Centre_Address      VARCHAR(25) NOT NULL,
    Centre_Town         VARCHAR(25) NOT NULL,
    Centre_PostCode     VARCHAR(25) NOT NULL,
    Centre_Country      VARCHAR(25) NOT NULL,
    PRIMARY KEY(Centre_ID)
);

CREATE TABLE TEST(
    Test_ID             BIGINT UNIQUE NOT NULL,
    Patient_Number      BIGINT NOT NULL,
    Test_Date           DATE NOT NULL,
    PRIMARY KEY (Test_ID),
    FOREIGN KEY (Patient_Number) REFERENCES PATIENT(NHS_Number)
);

CREATE TABLE TEST_RECORD(
    Test_ID             BIGINT UNIQUE NOT NULL,
    Test_Loc            INT NOT NULL,
    Patient_Number      BIGINT NOT NULL,
    Test_Result         BOOLEAN NOT NULL,
    Virus_Variant       VARCHAR(5) NOT NULL,
    FOREIGN KEY (Test_ID) REFERENCES TEST(Test_ID),
    FOREIGN KEY (Test_Loc) REFERENCES TEST_CENTRE(Centre_ID),
    FOREIGN KEY (Patient_Number) REFERENCES PATIENT(NHS_Number)
);

CREATE TABLE LOCATION(
    Location_ID         BIGINT UNIQUE NOT NULL,
    Location_Name       VARCHAR(25),
    Lat_Long            POINT NOT NULL,
    Visitor_ID          BIGINT NOT NULL,
    Visit_Timestamp     TIMESTAMP NOT NULL,
    PRIMARY KEY (Location_ID),
    FOREIGN KEY (Visitor_ID) REFERENCES PATIENT(NHS_Number)
);

CREATE TABLE CONTACT(
    Contact_ID          INT UNIQUE NOT NULL,
    Patient_Number      BIGINT NOT NULL,
    Contact_Loc         BIGINT NOT NULL,
    Contact_Timestamp   TIMESTAMP NOT NULL,
    Person_ID           BIGINT NOT NULL,/* Would refer to NHS_Numbers from outside of the current database, but would be a FK against PATIENT(NHS_Number)*/
    FOREIGN KEY (Patient_Number) REFERENCES PATIENT(NHS_Number),
    FOREIGN KEY (Contact_Loc) REFERENCES LOCATION(Location_ID)
);

/* Patient Rows                                                     */
INSERT INTO PATIENT VALUES (6291557496,'Sadia','Castillo','1950-11-01','+447700900581','47 Malcolm Rd','LLANFERRES','Denbighshire','CH7 3NG','Wales');
INSERT INTO PATIENT VALUES (7156262616,'Fay','Macias','1999-10-13','+447700900383','92 Horsefair Green','OLDCASTLE','Cheshire','NP7 9EZ','England');
INSERT INTO PATIENT VALUES (1885754603,'Taya','Pemberton','1945-08-12','+447700900574','55 Southlands Road','PONTARDAWE','Neath Port Talbot','SA8 5DP','Wales');
INSERT INTO PATIENT VALUES (5797761939,'Mahamed','Devine','1945-12-26','+447700900251','97 Nenthead Road','HIGH HARROGATE','Yorkshire','HG1 9GT','England');
INSERT INTO PATIENT VALUES (6878686775,'Shola','Lim','1980-10-07','+447700900582','108 Roman Rd','LEEK','Staffordshire','ST13 9FZ','England');
INSERT INTO PATIENT VALUES (8709381053,'Macaulay','Gomez','2008-09-27','+447700900500','21 Boar Lane','SEWSTERN','Leicestershire','NG33 4WG','England');
INSERT INTO PATIENT VALUES (8570069826,'Anthony','McBride','1999-02-20','+447700900981','39 Glenhone Rd','Newry','Co Down','BT34 5DY','N Ireland');
INSERT INTO PATIENT VALUES (7480616914,'Harriett','Valdez','1982-04-06','+447700900362','43 Wern Ddu Lane','LUND','East Riding of Yorkshire','YO8 4RB','England');
INSERT INTO PATIENT VALUES (1617315176,'Lillia','Mohamed','2007-02-14','+447700900425','93 Holburn Lane','HELLIDON','Northamptonshire','NN11 1LS','England');
INSERT INTO PATIENT VALUES (2348501568,'Tahlia','James','1944-09-25','+447700900948','103 Church Way','BRAES OF FOSS','Perth and Kinross','PH16 5DQ','Scotland');
INSERT INTO PATIENT VALUES (1267902457,'Johnathon','Mackie','1947-10-17','+447700900754','80 Manor Close','DISHIG','Argyll and Bute','PA68 0AD','Scotland');
INSERT INTO PATIENT VALUES (9319494392,'Braydon','Mcneill','1955-08-05','+447700900497','74 Bootham Crescent','RISABUS','Isle of Islay','PA42 9RR','Scotland');
INSERT INTO PATIENT VALUES (2555264711,'Aayan','Portillo','1988-03-24','+447700900616','52 Ash Lane','YNYSDDU','Monmouthshire','NP1 3ND','Wales');
INSERT INTO PATIENT VALUES (2113908391,'Hebe','Long','1975-02-12','+447700900821','128 Thirsk Road','BLAIRMORE','Argyll and Bute','IV27 6NA','Scotland');
INSERT INTO PATIENT VALUES (8461940339,'Morgan','Feeley','1957-06-28','+447700900635','33 William St','Armagh','Co Armagh','BT60 3PD','N Ireland');
INSERT INTO PATIENT VALUES (7000606961,'Ariella','Wickens','1983-04-15','+447700900746','43 Barwell Grove','GREAT OAKLEY', 'Northamptonshire', 'NN14 7WQ','England');
INSERT INTO PATIENT VALUES (4601383227,'Vanesa','Wolf','1950-12-05','+447700900137','82 Lincoln Green Lane','CHURCHEND','Essex','CM6 5UG','England');
INSERT INTO PATIENT VALUES (7600946128,'Nimah','Collins','1990-04-02','+447700900421','59 Bridewell Drive','Carrickfergus','Co Antrim','BT38 8JN','N Ireland');
INSERT INTO PATIENT VALUES (4340461277,'Mila','Robles','1984-04-07','+447700900994','33 Park Avenue','LEAFIELD','Oxfordshire','OX8 1LJ','England');
INSERT INTO PATIENT VALUES (6613439305,'Aneesah','Watt','1967-03-30','+447700900410','61 Constitution St','LLANPUMSAINT','Carmarthenshire','SA33 3BP','Wales');
INSERT INTO PATIENT VALUES (4275581900,'Junaid','Povey','1992-07-31','+447700900937','127 Front Street','KNOCKROME','Isle of Jura','PA60 0PZ','Scotland');
INSERT INTO PATIENT VALUES (4408369506,'Sylvie','Rubio','1985-04-16','+447700900918','48 Crescent Avenue','DUDDINGSTON','Midlothian','EH15 7TQ','Scotland');
INSERT INTO PATIENT VALUES (5270140296,'James','Hogan','1989-07-30','+447700900444','8 Waterloo Place','Londonderry','Derry','BT48 6BT','N Ireland');
INSERT INTO PATIENT VALUES (1944628044,'Diana','Baird','1950-08-06','+447700900420','112 Sea Road','LAMERTON','Devon','PL19 8EF','England');
INSERT INTO PATIENT VALUES (8340610915,'Sara','Hickey','1976-04-21','+447700900391','12 Stranmillis Rd','Belfast','Co Antrim','BT9 5AA','N Ireland');

/* Test Centre Rows                                                     */
INSERT INTO TEST_CENTRE VALUES (94632977,'Mold County Hall - Mobile Unit','Raikes Lane','Mold','CH7 6NB','Wales');
INSERT INTO TEST_CENTRE VALUES (94273027,'Chester Street Car Park','Chester Street','Crewe','CW1 2ER','England');
INSERT INTO TEST_CENTRE VALUES (29662471,'Baglan Energy Park','Baglan','Neath','SA12 7AX','Wales');
INSERT INTO TEST_CENTRE VALUES (34866777,'Mandella Community Centre','Chapeltown Rd','Leeds', 'LS7 3HY','England');
INSERT INTO TEST_CENTRE VALUES (87696510,'Synetics Solutions Car Park','Burslem','Stoke-on-Trent','ST6 1AJ','England');
INSERT INTO TEST_CENTRE VALUES (81889299,'Hockwell Ring Community Centre','Mayne Ave','Luton','LU4 9LB','England');
INSERT INTO TEST_CENTRE VALUES (29815539,'Inglemire Lane','Inglemire Ln','Hull','HU6 8JG','England');
INSERT INTO TEST_CENTRE VALUES (24277761,'Woodgreen Leisure Centre','Woodgreen Ave','Banbury','OX16 0HS','England');
INSERT INTO TEST_CENTRE VALUES (24735318,'Thimblerow Car Park','Thimblerow Road','Perth','PH1 5QT','Scotland');
INSERT INTO TEST_CENTRE VALUES (49495328,'Argyll and Bute (Mossfield Car Park)','Mossfield Dr','Argyll and Bute','PA34 4EW','Scotland');
INSERT INTO TEST_CENTRE VALUES (82692505,'Crawfurdsburn Community Centre','Upper Ingleston','Greenock','PA15 2BN','Scotland');
INSERT INTO TEST_CENTRE VALUES (35391968,'Old Mill Car Park','Trosnant St','Pontypool','NP4 8AT','Wales');
INSERT INTO TEST_CENTRE VALUES (44292963,'Risk Street Short Stay Car Park','Broadmeadow Estate','Dumbarton','G82 1SE','Scotland');
INSERT INTO TEST_CENTRE VALUES (47631738,'James Ashworth Square','George St','Corby','NN17 1QG','England');
INSERT INTO TEST_CENTRE VALUES (77139915,'Basildon Adult Community Learning','Churchill Ave','Basildon','SS14 3SG','England');
INSERT INTO TEST_CENTRE VALUES (11987547,'West Oxfordshire Woodford Way Car Park','Woodford Way','Witney','OX28 6GU','England');
INSERT INTO TEST_CENTRE VALUES (69252476,'West Wales (Carmarthen Showground)','Llysonnen Rd','Carmarthen','SA33 5DR','Wales');
INSERT INTO TEST_CENTRE VALUES (82803246,'West Dumbartonshire (Napier Hall)','Old Kilpatrick','Glasgow','G60 5LW','Scotland');
INSERT INTO TEST_CENTRE VALUES (11938854,'Edinburgh Restalrig (Portlee Day Centre)','17 Hawkhill Ave','Edinburgh','EH7 6BU','Scotland');
INSERT INTO TEST_CENTRE VALUES (51014481,'Exmouth (Maer Road Car Park)','Maer Rd','Exmouth','EX8 2DB','England');
INSERT INTO TEST_CENTRE VALUES (73617207,'Belfast (Odyssey Arena)','Sydenham Rd','Belfast','BT3 9QQ','N Ireland');
INSERT INTO TEST_CENTRE VALUES (96720424,'Fermanagh and Omagh (Lisaneally Avenue Car Park)','Lisanelly Ave','Omagh','BT79 7BQ','N Ireland');


/* Testing Rows                                                     */
INSERT INTO TEST VALUES (2520154595,6291557496,'2020-06-09');
INSERT INTO TEST VALUES (7155808742,6878686775,'2020-07-16');
INSERT INTO TEST VALUES (2225784167,1885754603,'2020-10-21');
INSERT INTO TEST VALUES (2718958812,1267902457,'2020-09-11');
INSERT INTO TEST VALUES (4210123846,4275581900,'2021-06-23');
INSERT INTO TEST VALUES (7302885249,4601383227,'2021-04-26');
INSERT INTO TEST VALUES (7161822975,5797761939,'2020-10-15');
INSERT INTO TEST VALUES (7194682604,1267902457,'2021-02-12');
INSERT INTO TEST VALUES (8383021873,1617315176,'2021-04-22');
INSERT INTO TEST VALUES (5037156824,4408369506,'2020-10-26');
INSERT INTO TEST VALUES (3091747101,8709381053,'2021-07-20');
INSERT INTO TEST VALUES (7164624943,5797761939,'2021-03-22');
INSERT INTO TEST VALUES (9843482843,4601383227,'2021-05-22');
INSERT INTO TEST VALUES (7545601654,1267902457,'2021-06-20');
INSERT INTO TEST VALUES (6463763677,1617315176,'2020-12-11');
INSERT INTO TEST VALUES (1713311179,9319494392,'2020-09-09');
INSERT INTO TEST VALUES (4380398679,8709381053,'2020-06-12');
INSERT INTO TEST VALUES (6456748177,2348501568,'2021-01-09');
INSERT INTO TEST VALUES (2456250476,4275581900,'2020-12-12');
INSERT INTO TEST VALUES (8171342884,5797761939,'2021-04-02');
INSERT INTO TEST VALUES (9344599863,6291557496,'2021-06-02');
INSERT INTO TEST VALUES (7093376507,7480616914,'2020-12-14');
INSERT INTO TEST VALUES (9363192810,7000606961,'2020-07-15');
INSERT INTO TEST VALUES (2446758235,1944628044,'2020-10-11');
INSERT INTO TEST VALUES (2519294313,6613439305,'2021-07-13');
INSERT INTO TEST VALUES (2293571634,2555264711,'2020-07-02');
INSERT INTO TEST VALUES (6673278348,4601383227,'2021-08-05');
INSERT INTO TEST VALUES (3418563699,2348501568,'2021-02-18');
INSERT INTO TEST VALUES (8115259133,8709381053,'2020-08-30');
INSERT INTO TEST VALUES (5026815398,7000606961,'2020-06-18');
INSERT INTO TEST VALUES (8524073111,1885754603,'2021-06-27');
INSERT INTO TEST VALUES (7858716802,6613439305,'2021-01-19');
INSERT INTO TEST VALUES (2001407066,6878686775,'2020-06-28');
INSERT INTO TEST VALUES (5354579900,1617315176,'2021-06-22');
INSERT INTO TEST VALUES (1272546704,2113908391,'2021-07-27');
INSERT INTO TEST VALUES (4155309726,2555264711,'2020-07-03');
INSERT INTO TEST VALUES (9273945018,6878686775,'2021-03-30');
INSERT INTO TEST VALUES (2133416313,2113908391,'2020-10-20');
INSERT INTO TEST VALUES (3729329554,2555264711,'2021-02-03');
INSERT INTO TEST VALUES (3914393094,2555264711,'2020-10-09');
INSERT INTO TEST VALUES (6681036437,8709381053,'2020-10-04');
INSERT INTO TEST VALUES (2483752803,5797761939,'2020-09-08');
INSERT INTO TEST VALUES (5617472209,4340461277,'2021-05-20');
INSERT INTO TEST VALUES (8999851779,1944628044,'2021-07-19');
INSERT INTO TEST VALUES (2593920198,4340461277,'2020-09-20');
INSERT INTO TEST VALUES (7003987970,4601383227,'2020-10-05');
INSERT INTO TEST VALUES (7840184739,4408369506,'2021-03-04');
INSERT INTO TEST VALUES (4424438515,4275581900,'2021-07-14');
INSERT INTO TEST VALUES (2633443352,6613439305,'2020-07-28');
INSERT INTO TEST VALUES (4025479302,6613439305,'2021-03-30');
INSERT INTO TEST VALUES (4774658879,4340461277,'2021-06-22');
INSERT INTO TEST VALUES (9332675715,5270140296,'2020-08-24');
INSERT INTO TEST VALUES (3723955279,8340610915,'2020-09-21');
INSERT INTO TEST VALUES (2217181635,8461940339,'2020-10-24');
INSERT INTO TEST VALUES (9230583156,5270140296,'2020-11-14');
INSERT INTO TEST VALUES (9579974905,7600946128,'2020-12-08');
INSERT INTO TEST VALUES (9378359371,8461940339,'2020-12-22');
INSERT INTO TEST VALUES (6218905567,8340610915,'2020-12-27');
INSERT INTO TEST VALUES (1733757364,8461940339,'2021-02-16');
INSERT INTO TEST VALUES (7138802006,8570069826,'2021-04-01');
INSERT INTO TEST VALUES (2809890845,8340610915,'2021-07-29');


/* Testing Rows                                                     */
INSERT INTO TEST_RECORD VALUES (2520154595,94632977,6291557496,'1','Alpha');
INSERT INTO TEST_RECORD VALUES (7155808742,94273027,6878686775,'0','NULL');
INSERT INTO TEST_RECORD VALUES (2225784167,77139915,1885754603,'0','NULL');
INSERT INTO TEST_RECORD VALUES (2718958812,49495328,1267902457,'1','Beta');
INSERT INTO TEST_RECORD VALUES (4210123846,24735318,4275581900,'0','NULL');
INSERT INTO TEST_RECORD VALUES (7302885249,44292963,4601383227,'0','NULL');
INSERT INTO TEST_RECORD VALUES (7161822975,11987547,5797761939,'0','NULL');
INSERT INTO TEST_RECORD VALUES (7194682604,94632977,1267902457,'1','Gamma');
INSERT INTO TEST_RECORD VALUES (8383021873,69252476,1617315176,'0','NULL');
INSERT INTO TEST_RECORD VALUES (5037156824,82803246,4408369506,'0','NULL');
INSERT INTO TEST_RECORD VALUES (3091747101,44292963,8709381053,'0','NULL');
INSERT INTO TEST_RECORD VALUES (7164624943,11938854,5797761939,'1','Delta');
INSERT INTO TEST_RECORD VALUES (9843482843,81889299,4601383227,'0','NULL');
INSERT INTO TEST_RECORD VALUES (7545601654,24277761,1267902457,'0','NULL');
INSERT INTO TEST_RECORD VALUES (6463763677,51014481,1617315176,'0','NULL');
INSERT INTO TEST_RECORD VALUES (1713311179,35391968,9319494392,'0','NULL');
INSERT INTO TEST_RECORD VALUES (4380398679,47631738,8709381053,'0','NULL');
INSERT INTO TEST_RECORD VALUES (6456748177,51014481,2348501568,'0','NULL');
INSERT INTO TEST_RECORD VALUES (2456250476,82803246,4275581900,'0','NULL');
INSERT INTO TEST_RECORD VALUES (8171342884,87696510,5797761939,'1','Delta');
INSERT INTO TEST_RECORD VALUES (9344599863,34866777,6291557496,'0','NULL');
INSERT INTO TEST_RECORD VALUES (7093376507,81889299,7480616914,'0','NULL');
INSERT INTO TEST_RECORD VALUES (9363192810,82692505,7000606961,'0','NULL');
INSERT INTO TEST_RECORD VALUES (2446758235,51014481,1944628044,'1','Gamma');
INSERT INTO TEST_RECORD VALUES (2519294313,11938854,6613439305,'0','NULL');
INSERT INTO TEST_RECORD VALUES (2293571634,29815539,2555264711,'0','NULL');
INSERT INTO TEST_RECORD VALUES (6673278348,34866777,4601383227,'0','NULL');
INSERT INTO TEST_RECORD VALUES (3418563699,51014481,2348501568,'0','NULL');
INSERT INTO TEST_RECORD VALUES (8115259133,94273027,8709381053,'0','NULL');
INSERT INTO TEST_RECORD VALUES (5026815398,51014481,7000606961,'0','NULL');
INSERT INTO TEST_RECORD VALUES (8524073111,11987547,1885754603,'0','NULL');
INSERT INTO TEST_RECORD VALUES (7858716802,87696510,6613439305,'0','NULL');
INSERT INTO TEST_RECORD VALUES (2001407066,51014481,6878686775,'0','NULL');
INSERT INTO TEST_RECORD VALUES (5354579900,49495328,1617315176,'0','NULL');
INSERT INTO TEST_RECORD VALUES (1272546704,81889299,2113908391,'0','NULL');
INSERT INTO TEST_RECORD VALUES (4155309726,35391968,2555264711,'0','NULL');
INSERT INTO TEST_RECORD VALUES (9273945018,29662471,6878686775,'0','NULL');
INSERT INTO TEST_RECORD VALUES (2133416313,82692505,2113908391,'1','Beta');
INSERT INTO TEST_RECORD VALUES (3729329554,51014481,2555264711,'0','NULL');
INSERT INTO TEST_RECORD VALUES (3914393094,11987547,2555264711,'0','NULL');
INSERT INTO TEST_RECORD VALUES (6681036437,29662471,8709381053,'1','Gamma');
INSERT INTO TEST_RECORD VALUES (2483752803,47631738,5797761939,'0','NULL');
INSERT INTO TEST_RECORD VALUES (5617472209,77139915,4340461277,'0','NULL');
INSERT INTO TEST_RECORD VALUES (8999851779,82692505,1944628044,'1','Delta');
INSERT INTO TEST_RECORD VALUES (2593920198,24277761,4340461277,'0','NULL');
INSERT INTO TEST_RECORD VALUES (7003987970,24277761,4601383227,'0','NULL');
INSERT INTO TEST_RECORD VALUES (7840184739,81889299,4408369506,'0','NULL');
INSERT INTO TEST_RECORD VALUES (4424438515,82803246,4275581900,'0','NULL');
INSERT INTO TEST_RECORD VALUES (2633443352,69252476,6613439305,'1','Delta');
INSERT INTO TEST_RECORD VALUES (4025479302,24735318,6613439305,'0','NULL');
INSERT INTO TEST_RECORD VALUES (4774658879,34866777,4340461277,'0','NULL');
INSERT INTO TEST_RECORD VALUES (9332675715,73617207,5270140296,'0','NULL');
INSERT INTO TEST_RECORD VALUES (3723955279,96720424,8340610915,'0','NULL');
INSERT INTO TEST_RECORD VALUES (2217181635,73617207,8461940339,'0','NULL');
INSERT INTO TEST_RECORD VALUES (9230583156,96720424,5270140296,'1','Delta');
INSERT INTO TEST_RECORD VALUES (9579974905,96720424,7600946128,'1','Alpha');
INSERT INTO TEST_RECORD VALUES (9378359371,73617207,8461940339,'0','NULL');
INSERT INTO TEST_RECORD VALUES (6218905567,73617207,8340610915,'1','Beta');
INSERT INTO TEST_RECORD VALUES (1733757364,96720424,8461940339,'0','NULL');
INSERT INTO TEST_RECORD VALUES (7138802006,73617207,8570069826,'1','Delta');
INSERT INTO TEST_RECORD VALUES (2809890845,96720424,8340610915,'0','NULL');


INSERT INTO LOCATION VALUES (96989139,'The Drunk Fig Bar','52.104004, -0.864570',6291557496,'2021-03-02 01:11:21');
INSERT INTO LOCATION VALUES (61462909,'Park Xanadu','52.941004, -1.217107',4340461277,'2029-05-08 10:09:13');
INSERT INTO LOCATION VALUES (75112809,'Interact Hotel','52.603103, -1.128918',6291557496,'2021-04-20 23:30:49');
INSERT INTO LOCATION VALUES (65122964,'Able Stadium','53.164817, -2.971086',7156262616,'2027-09-11 04:00:44');
INSERT INTO LOCATION VALUES (15507113,'Omega Motorcycle','52.418230, -1.919352',4275581900,'2021-05-10 12:48:20');
INSERT INTO LOCATION VALUES (14599651,'Envision Ground','51.624326, -4.045684',5797761939,'2028-01-12 22:52:14');
INSERT INTO LOCATION VALUES (74300100,'Dome Stadium','51.734867, -1.228022',6613439305,'2025-01-04 08:17:08');
INSERT INTO LOCATION VALUES (36488068,'Comedysy','51.841052, -1.582331',1944628044,'2029-04-30 19:09:01');
INSERT INTO LOCATION VALUES (66481038,'Golfly','51.646057, -0.727836',8709381053,'2021-02-08 07:30:35');
INSERT INTO LOCATION VALUES (34160198,'Catalyst Cinema','52.120412, -0.420141',8709381053,'2025-07-28 20:39:24');
INSERT INTO LOCATION VALUES (56004566,'Zion University','51.590634, 0.046700',7156262616,'2025-05-25 22:25:26');
INSERT INTO LOCATION VALUES (77433539,'Golfscape','53.490281, -0.910772',7000606961,'2021-05-28 22:35:16');
INSERT INTO LOCATION VALUES (18778624,'Mashed Clothes','53.614751, -0.229847',1885754603,'2025-04-04 04:20:58');
INSERT INTO LOCATION VALUES (70806719,'Funsio','52.337509, -4.027312',2113908391,'2021-10-13 01:15:22');
INSERT INTO LOCATION VALUES (64672838,'Champion Festival','51.407798, 0.058236',2348501568,'2026-09-06 05:21:32');
INSERT INTO LOCATION VALUES (82572749,'Grove Camp','52.704024, -0.098900',6291557496,'2024-11-17 15:17:27');
INSERT INTO LOCATION VALUES (94053797,'Nexus India','51.497559, -0.269131',1267902457,'2021-07-08 22:01:13');
INSERT INTO LOCATION VALUES (68096481,'Pavilion Clothes','54.892162, -4.852279',2555264711,'2021-08-01 00:53:36');
INSERT INTO LOCATION VALUES (40159199,'Eternal Fun','51.587144, 0.778445',1885754603,'2021-10-16 17:24:54');
INSERT INTO LOCATION VALUES (91330328,'Kingdom Cafe','57.463894, -4.446343',1944628044,'2021-10-02 22:43:35');
INSERT INTO LOCATION VALUES (84509077,'Azure Farm','55.675180, -4.459438',2113908391,'2021-08-06 13:38:31');
INSERT INTO LOCATION VALUES (13928988,'Groundzilla','52.217331, -2.298811',4340461277,'2027-01-07 02:05:10');
INSERT INTO LOCATION VALUES (84602146,'Nirvana Clothes','57.038882, -2.246432',2555264711,'2027-01-07 07:03:49');
INSERT INTO LOCATION VALUES (75454712,'Everlast Bar','55.726833, -2.416663',8709381053,'2024-04-29 11:22:03');
INSERT INTO LOCATION VALUES (66683485,'Champion Pub','52.249410, 0.699877',7156262616,'2022-10-03 04:42:45');
INSERT INTO LOCATION VALUES (52319973,'Golfporium','52.735751, -0.452457',5797761939,'2021-08-23 14:50:30');
INSERT INTO LOCATION VALUES (10804950,'Leisureworks','51.145670, 0.529646',6878686775,'2026-02-16 09:31:22');
INSERT INTO LOCATION VALUES (58108261,'Nexus Supermarket','51.481252, -3.516619',6613439305,'2024-03-25 02:08:12');
INSERT INTO LOCATION VALUES (81656192,'Park Zion','51.162097, 0.817729',6291557496,'2025-09-19 16:39:27');
INSERT INTO LOCATION VALUES (98939526,'Eternal Kitchen','52.185229, -2.495232',1885754603,'2025-01-28 23:03:11');
INSERT INTO LOCATION VALUES (38359171,'Dreamworld Golf','51.432295, -1.133382',1617315176,'2021-07-22 17:00:48');
INSERT INTO LOCATION VALUES (28868392,'Horizon Festival','55.042500, -1.696454',1267902457,'2024-04-11 08:33:30');
INSERT INTO LOCATION VALUES (42797818,'Wild Bar','56.283256, -3.019020',7156262616,'2021-09-04 10:59:37');
INSERT INTO LOCATION VALUES (96153493,'Grove Zoo','53.036003, -4.171354',2555264711,'2029-06-01 23:22:28');
INSERT INTO LOCATION VALUES (88779217,'Clutch Bank','51.513860, 0.411793',5797761939,'2028-10-24 19:31:02');
INSERT INTO LOCATION VALUES (85090874,'Envision Cafe','54.216312, -2.089296',4275581900,'2021-05-13 22:58:08');
INSERT INTO LOCATION VALUES (79253949,'Coffeezilla','55.721257, -3.334316',7480616914,'2022-07-29 07:02:09');
INSERT INTO LOCATION VALUES (21794222,'Groundworks','53.435710, -0.125090',4408369506,'2024-10-26 18:43:30');
INSERT INTO LOCATION VALUES (89216296,'Supermarketado','52.169169, -1.526223',4601383227,'2027-02-14 01:07:48');
INSERT INTO LOCATION VALUES (10114237,'Champion Pub','51.822477, 1.145097',1944628044,'2028-03-13 04:50:36');
INSERT INTO LOCATION VALUES (43269856,'The Funk Bar','53.104004, -0.444570',6291557496,'2029-07-25 08:18:56');
INSERT INTO LOCATION VALUES (98561339,'Heritage Bank','51.317860, 0.804634',1617315176,'2027-06-11 15:13:06');
INSERT INTO LOCATION VALUES (12736035,'Azure Hotel','53.897223, -1.010934',4340461277,'2029-03-05 17:23:44');
INSERT INTO LOCATION VALUES (85996059,'Laneway Shop','54.770338, -1.418351',8709381053,'2025-03-29 03:30:09');
INSERT INTO LOCATION VALUES (36703446,'Divine Grounds','52.622800, 1.202136',7000606961,'2024-11-19 00:57:46');
INSERT INTO LOCATION VALUES (72535758,'Utopia Leisure Centre','53.279407, -4.367775',7156262616,'2021-05-05 08:34:36');
INSERT INTO LOCATION VALUES (23142951,'Arcadia Bank','54.236469, -2.822291',7480616914,'2020-05-06 17:47:43');
INSERT INTO LOCATION VALUES (91931040,'Cafeaholic','54.123695, -2.591054',1267902457,'2020-07-26 01:03:41');
INSERT INTO LOCATION VALUES (92485632,'Adapt Bank','53.230757, -1.106615',9319494392,'2029-11-01 06:59:14');
INSERT INTO LOCATION VALUES (60460586,'Comedybea','53.825238, -1.736798',2555264711,'2021-03-21 08:17:13');
INSERT INTO LOCATION VALUES (11671932,'Zion Farm','53.126011, 0.058016',2113908391,'2022-02-26 20:27:36');
INSERT INTO LOCATION VALUES (70379637,'Everlast Supermarket','52.120954, 0.162994',1885754603,'2024-06-12 21:39:24');
INSERT INTO LOCATION VALUES (62873101,'Cinemado','53.194006, -0.567993',8709381053,'2022-12-16 04:59:33');
INSERT INTO LOCATION VALUES (78302398,'Iconic Cycle','53.967984, -1.578024',1617315176,'2024-02-08 18:23:25');
INSERT INTO LOCATION VALUES (35638239,'Encore Stadium','53.083908, -1.385357',4601383227,'2028-06-07 02:56:33');
INSERT INTO LOCATION VALUES (44213677,'Wild Bar','53.445891, -2.696296',6878686775,'2028-11-22 07:11:59');
INSERT INTO LOCATION VALUES (93932046,'Mystic Grounds','52.793419, -1.159519',2348501568,'2021-05-06 08:30:45');
INSERT INTO LOCATION VALUES (12473935,'Beanistic','52.571081, -0.760510',4408369506,'2021-06-09 05:42:56');
INSERT INTO LOCATION VALUES (25874007,'Omega Zoo','50.888650, -0.718835',2113908391,'2026-01-22 06:58:22');
INSERT INTO LOCATION VALUES (35217661,'Serendipity Bar','51.572577, -0.404854',5797761939,'2025-07-05 23:42:30');
INSERT INTO LOCATION VALUES (58193436,'Catalyst Stadium','52.852904, 0.807033',7000606961,'2021-02-21 10:02:55');
INSERT INTO LOCATION VALUES (12034414,'Oasis Farm','52.551879, -0.292904',9319494392,'2024-02-20 14:17:49');
INSERT INTO LOCATION VALUES (36819978,'Laneway Harbour','51.743806, -1.241409',1944628044,'2027-04-04 21:51:48');
INSERT INTO LOCATION VALUES (72693921,'Nexus Pub','52.471258, -2.129463',9319494392,'2024-05-23 07:46:00');
INSERT INTO LOCATION VALUES (13049735,'Mystic Cinema','53.739318, -0.202400',7480616914,'2021-10-08 06:31:46');
INSERT INTO LOCATION VALUES (34222729,'Parkara','54.987412, -3.860847',2348501568,'2025-05-04 01:48:01');
INSERT INTO LOCATION VALUES (25456448,'Hex Motorcycle','55.798529, -3.113777',4275581900,'2024-08-08 17:58:02');
INSERT INTO LOCATION VALUES (55535089,'Lucid Farm','51.393579, -0.024197',6878686775,'2029-04-10 07:27:51');
INSERT INTO LOCATION VALUES (29872589,'Cinemaex','51.272236, 0.993477',4601383227,'2024-07-26 16:48:01');
INSERT INTO LOCATION VALUES (31861993,'Cycleadri','51.027962, -0.439335',5797761939,'2022-11-27 22:20:24');
INSERT INTO LOCATION VALUES (29837137,'Divine Church','50.705113, -4.124626',1267902457,'2021-12-12 10:53:09');
INSERT INTO LOCATION VALUES (96299827,'Cinemax','50.835276, -0.978953',6291557496,'2021-04-18 20:44:46');
INSERT INTO LOCATION VALUES (41689973,'Eternal Church','51.752335, -4.750186',1617315176,'2027-02-13 18:07:39');
INSERT INTO LOCATION VALUES (35337078,'Oasis Hotel','53.417225, -2.303249',2113908391,'2024-05-17 17:41:40');
INSERT INTO LOCATION VALUES (64649295,'Eden Coffee','51.269705, 1.012275',4340461277,'2026-06-27 15:34:12');
INSERT INTO LOCATION VALUES (33268791,'Empire University','53.552599, -2.922768',2555264711,'2026-12-07 18:36:03');
INSERT INTO LOCATION VALUES (14183203,'Indiawind','53.718232, -2.026518',6878686775,'2027-03-19 01:15:04');
INSERT INTO LOCATION VALUES (31953166,'Temple Cycle','54.462322, -2.398985',9319494392,'2022-03-02 09:13:19');
INSERT INTO LOCATION VALUES (10522464,'Milestone Cafe','55.112773, -4.386897',4408369506,'2029-10-11 07:25:00');
INSERT INTO LOCATION VALUES (24125586,'Oasis Shop','55.976834, -3.652214',4275581900,'2029-05-18 20:04:07');
INSERT INTO LOCATION VALUES (63093112,'Arcadia University','53.212410, -3.178839',8709381053,'2021-10-25 21:16:01');
INSERT INTO LOCATION VALUES (48980809,'Soundwave Bar','52.267938, -1.786076',6613439305,'2029-12-08 15:59:22');
INSERT INTO LOCATION VALUES (20988301,'Pavilion Leisure Centre','51.393125, -0.041222',7156262616,'2020-06-17 08:14:23');
INSERT INTO LOCATION VALUES (74477888,'Milestone Restaurant','52.367776, -1.607492',4275581900,'2025-10-07 12:27:48');
INSERT INTO LOCATION VALUES (93537563,'Wild Crazy Golf','54.292837, -0.629765',1617315176,'2021-07-03 12:08:18');
INSERT INTO LOCATION VALUES (62439458,'Cafeistic','53.086295, -3.596775',1617315176,'2021-09-13 12:10:05');
INSERT INTO LOCATION VALUES (89447488,'Milestone Coffee','53.670363, -0.989348',6291557496,'2028-04-26 22:17:43');
INSERT INTO LOCATION VALUES (19879513,'Beanzen','53.453235, -1.074159',1944628044,'2029-01-15 00:54:16');
INSERT INTO LOCATION VALUES (52467195,'Lucid Restaurant','52.407190, -1.898996',2348501568,'2025-10-06 23:36:54');
INSERT INTO LOCATION VALUES (76316382,'Kickstart Cinema','54.536980, -2.125114',4408369506,'2028-05-20 03:27:50');
INSERT INTO LOCATION VALUES (43856147,'Supermarketable','54.294848, -3.070026',6613439305,'2027-10-02 11:25:31');
INSERT INTO LOCATION VALUES (31682751,'Kitchennest','52.608755, 0.999780',7480616914,'2022-12-18 07:27:38');
INSERT INTO LOCATION VALUES (80846383,'Lazarus University','51.288817, 1.104537',9319494392,'2026-08-22 21:37:28');
INSERT INTO LOCATION VALUES (22980913,'Temple Shop','50.827925, -1.630771',2555264711,'2026-12-18 12:58:18');
INSERT INTO LOCATION VALUES (51090547,'Indiaadora','51.042572, 0.353840',2348501568,'2029-08-29 11:55:00');
INSERT INTO LOCATION VALUES (52133469,'Encore Harbour','52.347301, 0.698954',4601383227,'2028-06-26 05:18:30');
INSERT INTO LOCATION VALUES (28043865,'Utopia Harbour','51.577572, -3.612935',8709381053,'2026-11-02 09:56:59');
INSERT INTO LOCATION VALUES (81135418,'Motorcyclesy','55.821927, -4.189367',7000606961,'2022-09-19 21:40:13');
INSERT INTO LOCATION VALUES (86790776,'Cyclequipo','53.489739, -1.078258',1267902457,'2025-01-29 06:13:01');
INSERT INTO LOCATION VALUES (54808065,'Barhut','50.384708, -4.063449',2348501568,'2020-04-25 22:24:57');
INSERT INTO LOCATION VALUES (38409661,'Crafted Cocktail','54.554284, -7.462849',8570069826,'2021-01-07 04:14:58');
INSERT INTO LOCATION VALUES (26347124,'Subissu','54.176740, -6.349149',5270140296,'2021-03-12 15:31:40');
INSERT INTO LOCATION VALUES (70536983,'Sckycap','54.570010, -5.915681',7600946128,'2020-12-28 00:15:21');
INSERT INTO LOCATION VALUES (48711173,'Rumpl','54.733027, -8.349990',8461940339,'2020-12-25 08:05:28');
INSERT INTO LOCATION VALUES (21719621,'BistroStar','55.144316, -6.608558',5270140296,'2020-10-26 12:32:03');
INSERT INTO LOCATION VALUES (27036130,'Guitarty','54.682322, -5.934158',7600946128,'2020-09-12 08:25:50');
INSERT INTO LOCATION VALUES (71272484,'Keybox','54.596779, -7.296816',8461940339,'2021-07-30 19:32:28');
INSERT INTO LOCATION VALUES (83191436,'Radlery','54.505693, -6.035780',5270140296,'2020-12-25 20:55:57');
INSERT INTO LOCATION VALUES (21351288,'Waitrue','54.341763, -7.610921',8461940339,'2020-08-22 16:33:26');
INSERT INTO LOCATION VALUES (35017368,'Syearspoon','54.476180, -6.340646',8570069826,'2020-08-13 03:34:59');
INSERT INTO LOCATION VALUES (57649742,'Mellow Grape','54.858185, -6.312930',8570069826,'2021-07-30 08:43:44');
INSERT INTO LOCATION VALUES (73296725,'Clounger','54.655609, -5.638530',7600946128,'2020-09-10 06:15:19');
INSERT INTO LOCATION VALUES (77586055,'Bvocale','54.215411, -5.893910',8570069826,'2020-10-01 17:30:45');
INSERT INTO LOCATION VALUES (47715786,'Lguit','54.161190, -6.329557',8570069826,'2020-07-28 11:34:29');
INSERT INTO LOCATION VALUES (72227604,'Brewza','54.421574, -6.415817',7600946128,'2021-05-14 11:32:15');
INSERT INTO LOCATION VALUES (49269360,'Espresso Cafe','54.445754, -6.359232',8570069826,'2021-02-16 11:46:46');
INSERT INTO LOCATION VALUES (38504506,'Perk Bar','54.500779, -6.753017',8570069826,'2021-04-05 01:57:22');
INSERT INTO LOCATION VALUES (92209350,'Fizzvill','54.517540, -6.769185',8570069826,'2021-06-23 04:45:39');
INSERT INTO LOCATION VALUES (16938796,'Drinksy','54.589200, -7.296926',7600946128,'2020-08-05 08:29:08');
INSERT INTO LOCATION VALUES (52288174,'Lime Grill','54.946276, -7.747296',5270140296,'2021-05-17 06:09:31');


/* Contact Rows                                                     */
INSERT INTO CONTACT VALUES (88767999,1617315176,61462909,'2021-05-03 06:31:39',8997838919);
INSERT INTO CONTACT VALUES (49096834,4601383227,98561339,'2021-03-31 12:57:40',6396788259);
INSERT INTO CONTACT VALUES (90832638,7600946128,10522464,'2021-02-25 10:07:05',3043279961);
INSERT INTO CONTACT VALUES (43160157,1267902457,72535758,'2020-06-14 04:37:47',6590034214);
INSERT INTO CONTACT VALUES (31425682,4275581900,80846383,'2020-07-31 11:51:39',1433227265);
INSERT INTO CONTACT VALUES (48147469,4275581900,24125586,'2020-10-05 17:04:02',4302887824);
INSERT INTO CONTACT VALUES (89571493,1617315176,14599651,'2020-10-08 04:04:24',7343253939);
INSERT INTO CONTACT VALUES (49060106,1617315176,75454712,'2020-11-01 05:43:05',3992712490);
INSERT INTO CONTACT VALUES (62654959,1267902457,12736035,'2020-09-07 07:35:02',8539621431);
INSERT INTO CONTACT VALUES (85062574,8709381053,10522464,'2020-07-17 02:04:07',7662006744);
INSERT INTO CONTACT VALUES (59438781,4340461277,63093112,'2020-11-15 23:01:32',8969414119);
INSERT INTO CONTACT VALUES (24417061,7156262616,93537563,'2020-11-08 06:58:11',5508619948);
INSERT INTO CONTACT VALUES (77591682,1944628044,43269856,'2020-10-05 10:23:39',2661019955);
INSERT INTO CONTACT VALUES (14366453,9319494392,70379637,'2021-04-07 19:35:22',8396750464);
INSERT INTO CONTACT VALUES (42414447,5270140296,63093112,'2021-06-01 14:27:43',1445785353);
INSERT INTO CONTACT VALUES (67082231,1267902457,31682751,'2020-11-08 11:34:19',6391342133);
INSERT INTO CONTACT VALUES (13698119,1885754603,12034414,'2021-05-24 16:36:47',5836540056);
INSERT INTO CONTACT VALUES (70459651,1617315176,51090547,'2021-01-25 18:30:36',3729793590);
INSERT INTO CONTACT VALUES (25265356,2113908391,72535758,'2021-05-24 11:24:53',1879675459);
INSERT INTO CONTACT VALUES (18025106,1944628044,88779217,'2020-11-11 00:25:52',7233834166);
INSERT INTO CONTACT VALUES (40894628,1944628044,78302398,'2020-11-02 04:57:11',5209115423);
INSERT INTO CONTACT VALUES (65463075,4408369506,35217661,'2020-10-03 01:05:42',1526680091);
INSERT INTO CONTACT VALUES (52855344,7480616914,93537563,'2020-11-16 21:49:37',3242989042);
INSERT INTO CONTACT VALUES (71962891,1885754603,25456448,'2021-01-26 05:17:50',3639317473);
INSERT INTO CONTACT VALUES (73911925,9319494392,89447488,'2021-07-28 20:56:05',1779100375);
INSERT INTO CONTACT VALUES (15799990,7480616914,65122964,'2021-07-13 20:56:44',1241912317);
INSERT INTO CONTACT VALUES (81630140,1617315176,78302398,'2021-02-07 06:27:30',4584487641);
INSERT INTO CONTACT VALUES (21369264,1885754603,98561339,'2021-04-03 23:58:34',8680200210);
INSERT INTO CONTACT VALUES (44159578,2113908391,66481038,'2020-10-10 12:08:39',4437660821);
INSERT INTO CONTACT VALUES (90788014,4275581900,43856147,'2021-07-28 07:44:46',9122656218);
INSERT INTO CONTACT VALUES (37512907,1617315176,70379637,'2020-07-28 01:21:22',4477468137);
INSERT INTO CONTACT VALUES (67970652,4275581900,93932046,'2020-11-04 07:45:09',5241573139);
INSERT INTO CONTACT VALUES (41873469,2113908391,43856147,'2020-08-28 19:56:40',8419460958);
INSERT INTO CONTACT VALUES (67499122,6613439305,24125586,'2020-08-18 05:34:01',4022999037);
INSERT INTO CONTACT VALUES (22359415,7000606961,72535758,'2021-04-29 19:11:27',4966895783);
INSERT INTO CONTACT VALUES (95563861,1885754603,81656192,'2021-06-15 16:28:45',1805336667);
INSERT INTO CONTACT VALUES (69921101,2555264711,85996059,'2021-07-16 12:46:22',6829475407);
INSERT INTO CONTACT VALUES (56872543,7480616914,52319973,'2021-03-02 14:40:18',8313439415);
INSERT INTO CONTACT VALUES (48781651,7600946128,34222729,'2021-05-25 08:47:28',7765829859);
INSERT INTO CONTACT VALUES (30570914,4601383227,72693921,'2020-06-29 23:20:24',8792553271);
INSERT INTO CONTACT VALUES (52281832,4340461277,81135418,'2020-09-25 05:08:48',5954452074);
INSERT INTO CONTACT VALUES (67864123,6291557496,96153493,'2020-09-14 11:17:26',5780397354);
INSERT INTO CONTACT VALUES (85775101,1944628044,22980913,'2020-11-04 06:18:34',5090110468);
INSERT INTO CONTACT VALUES (89626073,4601383227,51090547,'2020-06-21 17:29:41',8373281980);
INSERT INTO CONTACT VALUES (83902119,7600946128,75112809,'2020-11-10 12:12:00',6647544048);
INSERT INTO CONTACT VALUES (76238867,1885754603,89447488,'2020-08-22 19:46:13',7366610849);
INSERT INTO CONTACT VALUES (80299538,2113908391,65122964,'2020-10-17 19:29:25',7566814495);
INSERT INTO CONTACT VALUES (19946531,8340610915,80846383,'2021-01-11 23:20:40',6656934815);
INSERT INTO CONTACT VALUES (35803629,2348501568,52133469,'2020-09-05 22:39:53',6232970193);
INSERT INTO CONTACT VALUES (83551739,7000606961,84509077,'2020-11-10 14:53:52',7448488250);
INSERT INTO CONTACT VALUES (37856812,2348501568,66481038,'2021-03-01 02:36:00',8713885521);
INSERT INTO CONTACT VALUES (77135805,4275581900,42797818,'2020-10-16 08:45:11',1721688274);
INSERT INTO CONTACT VALUES (97098321,8340610915,93537563,'2020-09-28 18:40:55',5291474853);
INSERT INTO CONTACT VALUES (32681636,4601383227,25456448,'2021-06-17 14:47:54',1726181547);
INSERT INTO CONTACT VALUES (34434712,6878686775,43856147,'2020-12-24 09:40:47',1101511978);
INSERT INTO CONTACT VALUES (65468271,1267902457,48980809,'2021-07-30 22:04:38',6927749129);
INSERT INTO CONTACT VALUES (72712234,4275581900,28043865,'2020-06-16 06:54:26',7100602427);
INSERT INTO CONTACT VALUES (85913207,1267902457,34160198,'2020-09-20 02:06:58',3169268587);
INSERT INTO CONTACT VALUES (88772711,5797761939,68096481,'2021-04-29 03:29:35',8409864442);
INSERT INTO CONTACT VALUES (83588879,1617315176,96989139,'2021-01-22 20:47:53',7871548867);
INSERT INTO CONTACT VALUES (92347200,2348501568,14183203,'2020-12-06 00:42:37',2782014676);
INSERT INTO CONTACT VALUES (90099713,8709381053,36819978,'2020-11-06 11:42:18',6608659807);
INSERT INTO CONTACT VALUES (72014287,6613439305,91931040,'2020-06-02 20:02:27',7485935767);
INSERT INTO CONTACT VALUES (62382454,5797761939,12736035,'2021-02-09 14:34:17',7916586041);
INSERT INTO CONTACT VALUES (84337514,6878686775,43856147,'2020-12-20 09:38:26',1336926305);
INSERT INTO CONTACT VALUES (25843892,8709381053,29837137,'2020-08-01 16:28:09',3693453827);
INSERT INTO CONTACT VALUES (60134265,9319494392,66481038,'2020-11-11 23:29:30',9798133687);
INSERT INTO CONTACT VALUES (12736779,2113908391,74300100,'2021-03-27 05:23:57',4301462085);
INSERT INTO CONTACT VALUES (56658503,1617315176,85090874,'2021-01-24 05:04:14',4530215027);
INSERT INTO CONTACT VALUES (84077330,1617315176,88779217,'2020-08-11 02:48:14',5920055001);
INSERT INTO CONTACT VALUES (33335084,9319494392,13049735,'2020-09-17 05:10:50',9974828544);
INSERT INTO CONTACT VALUES (42062180,1944628044,96153493,'2020-08-24 14:04:10',1791590541);
INSERT INTO CONTACT VALUES (10457950,7600946128,70806719,'2020-06-12 00:29:58',1338631027);
INSERT INTO CONTACT VALUES (16192359,4408369506,56004566,'2020-12-03 12:31:10',7156311934);
INSERT INTO CONTACT VALUES (72828097,4601383227,55535089,'2020-08-26 12:00:44',2349136642);
INSERT INTO CONTACT VALUES (68418306,4408369506,21794222,'2020-06-20 13:46:16',4529070217);
INSERT INTO CONTACT VALUES (98532128,1267902457,11671932,'2020-06-09 13:19:08',1728103134);
INSERT INTO CONTACT VALUES (20695432,4340461277,79253949,'2020-06-18 21:52:37',4456579235);
INSERT INTO CONTACT VALUES (26822580,1267902457,74300100,'2020-09-10 10:34:36',8127580499);
INSERT INTO CONTACT VALUES (38875446,9319494392,93932046,'2021-07-30 00:55:23',8985727547);
INSERT INTO CONTACT VALUES (75837034,6878686775,28868392,'2020-06-08 03:32:07',8957240099);
INSERT INTO CONTACT VALUES (54380705,2348501568,13928988,'2020-08-26 20:53:02',8030011316);
INSERT INTO CONTACT VALUES (51487834,5270140296,74477888,'2021-05-11 15:19:10',6615650415);
INSERT INTO CONTACT VALUES (19882646,7600946128,13049735,'2020-08-24 21:50:24',1820190842);
INSERT INTO CONTACT VALUES (91726731,5797761939,74300100,'2021-05-08 02:06:39',6483423533);
INSERT INTO CONTACT VALUES (54361465,1885754603,38359171,'2021-03-26 15:56:19',1796290048);
INSERT INTO CONTACT VALUES (56056129,8461940339,28043865,'2021-08-04 09:56:46',8238426872);
INSERT INTO CONTACT VALUES (71932535,1885754603,66481038,'2021-03-31 11:21:39',5371393554);
INSERT INTO CONTACT VALUES (13906217,4408369506,44213677,'2021-08-08 22:31:22',5293269342);
INSERT INTO CONTACT VALUES (87521218,1617315176,84509077,'2021-01-22 12:21:17',4046964773);
INSERT INTO CONTACT VALUES (16287738,5270140296,75454712,'2020-10-04 13:57:57',8352522448);
INSERT INTO CONTACT VALUES (30236168,1885754603,72693921,'2021-05-23 02:23:42',1247943155);
INSERT INTO CONTACT VALUES (28080834,8709381053,13049735,'2020-12-10 14:50:41',7993402836);
INSERT INTO CONTACT VALUES (55083928,2113908391,42797818,'2021-08-06 02:16:26',7507070592);
INSERT INTO CONTACT VALUES (38319412,7000606961,35337078,'2020-12-30 00:25:54',3492367864);
INSERT INTO CONTACT VALUES (81585422,4275581900,62439458,'2020-07-11 18:41:05',7157996663);
INSERT INTO CONTACT VALUES (65520042,1944628044,48980809,'2020-09-01 19:25:20',7720476355);
INSERT INTO CONTACT VALUES (13161639,4408369506,43856147,'2021-04-24 06:11:07',2857561104);
INSERT INTO CONTACT VALUES (63185600,2348501568,70379637,'2021-04-28 08:59:11',8096723618);
INSERT INTO CONTACT VALUES (13536748,8461940339,42797818,'2021-05-22 15:11:07',4876328393);
INSERT INTO CONTACT VALUES (41764870,7000606961,10804950,'2021-02-19 19:07:18',5349249185);
INSERT INTO CONTACT VALUES (64512108,9319494392,75454712,'2021-05-04 01:53:30',3769344608);
INSERT INTO CONTACT VALUES (24414971,5797761939,36703446,'2021-05-08 18:52:44',3614349514);
INSERT INTO CONTACT VALUES (67252788,4275581900,74477888,'2021-06-24 10:03:32',4142576368);
INSERT INTO CONTACT VALUES (24563316,7156262616,86790776,'2021-08-06 07:11:08',3092131929);
INSERT INTO CONTACT VALUES (69223010,1944628044,43269856,'2020-10-22 18:37:06',9338881144);
INSERT INTO CONTACT VALUES (62392377,2113908391,91330328,'2021-06-25 03:10:59',3225825057);
INSERT INTO CONTACT VALUES (52509453,1885754603,68096481,'2020-08-21 02:47:56',8364717616);
INSERT INTO CONTACT VALUES (74180994,7480616914,35638239,'2021-06-09 10:02:40',1887007187);
INSERT INTO CONTACT VALUES (83106815,5270140296,43269856,'2021-04-09 04:38:12',1626576276);
INSERT INTO CONTACT VALUES (37884332,4601383227,85090874,'2021-05-07 21:39:07',2002707302);
INSERT INTO CONTACT VALUES (79817252,8709381053,52133469,'2021-08-03 14:23:33',3083775151);
INSERT INTO CONTACT VALUES (70684142,4340461277,34160198,'2020-08-13 18:28:30',5738051702);
INSERT INTO CONTACT VALUES (19993111,2348501568,29872589,'2020-11-08 01:44:17',2162037374);
INSERT INTO CONTACT VALUES (82706405,8709381053,35217661,'2021-05-11 07:39:01',3776251221);
INSERT INTO CONTACT VALUES (95217383,6878686775,96153493,'2020-11-25 06:06:44',9433462073);
INSERT INTO CONTACT VALUES (96912393,8570069826,89447488,'2021-08-03 21:05:18',5028432881);
INSERT INTO CONTACT VALUES (96805293,1267902457,38359171,'2020-08-24 12:45:44',5790654362);
INSERT INTO CONTACT VALUES (28468304,1267902457,74477888,'2020-12-05 03:05:53',7978126425);
INSERT INTO CONTACT VALUES (56855176,9319494392,35638239,'2021-05-03 11:46:29',3721780632);
INSERT INTO CONTACT VALUES (40233376,7156262616,84509077,'2020-08-13 13:58:12',7528611922);
INSERT INTO CONTACT VALUES (98993295,7156262616,31861993,'2020-09-08 04:46:50',8105316458);
INSERT INTO CONTACT VALUES (12816006,6878686775,66683485,'2021-03-14 16:00:54',6043983739);
INSERT INTO CONTACT VALUES (99468033,1617315176,41689973,'2021-05-03 01:55:53',7272490929);
INSERT INTO CONTACT VALUES (88764913,4340461277,66481038,'2020-07-30 21:14:31',3950670558);
INSERT INTO CONTACT VALUES (74187018,2555264711,66481038,'2020-08-12 14:10:11',7967920007);
INSERT INTO CONTACT VALUES (67254283,2113908391,12473935,'2020-10-10 11:48:46',4616342744);
INSERT INTO CONTACT VALUES (56496614,8570069826,21794222,'2021-04-04 02:12:37',7110984186);
INSERT INTO CONTACT VALUES (48403059,7600946128,35337078,'2021-01-29 05:56:41',7380328172);
INSERT INTO CONTACT VALUES (57080820,6613439305,88779217,'2020-06-24 14:54:51',5504608283);
INSERT INTO CONTACT VALUES (29272701,6878686775,80846383,'2020-10-26 12:13:16',9864518829);
INSERT INTO CONTACT VALUES (66904088,8709381053,22980913,'2020-10-23 13:04:33',1726749580);
INSERT INTO CONTACT VALUES (47944599,5797761939,41689973,'2021-05-20 23:05:59',2676292921);
INSERT INTO CONTACT VALUES (78393184,8709381053,88779217,'2021-03-12 23:08:18',7477946043);
INSERT INTO CONTACT VALUES (96494453,8461940339,66683485,'2020-06-02 18:00:59',4833286741);
INSERT INTO CONTACT VALUES (36535681,8570069826,60460586,'2021-05-01 16:07:38',4829992105);
INSERT INTO CONTACT VALUES (31342391,8709381053,19879513,'2020-08-22 01:07:44',1233691116);
INSERT INTO CONTACT VALUES (23909521,5270140296,29837137,'2020-07-03 21:50:34',6034316474);
INSERT INTO CONTACT VALUES (45191109,1267902457,31861993,'2020-09-01 03:21:44',7304916627);
INSERT INTO CONTACT VALUES (13671159,1617315176,62439458,'2021-07-06 18:06:44',5249955605);
INSERT INTO CONTACT VALUES (51956764,7156262616,58193436,'2021-02-11 06:49:32',7358301197);
INSERT INTO CONTACT VALUES (94881512,7156262616,52319973,'2021-03-07 04:44:18',1259201353);
INSERT INTO CONTACT VALUES (63831122,8340610915,66481038,'2021-04-05 19:35:23',8229698672);
INSERT INTO CONTACT VALUES (61717339,2113908391,70379637,'2020-06-26 02:58:20',7849364257);
INSERT INTO CONTACT VALUES (26490675,1944628044,10804950,'2021-04-28 05:49:41',4347049416);
INSERT INTO CONTACT VALUES (59416222,6613439305,34160198,'2021-05-09 14:23:43',9773762493);
INSERT INTO CONTACT VALUES (99470355,4601383227,74300100,'2021-05-09 00:54:23',2115542154);
INSERT INTO CONTACT VALUES (75233599,8340610915,86790776,'2021-03-18 18:57:18',4049567634);
INSERT INTO CONTACT VALUES (20009062,2348501568,10522464,'2020-10-16 18:57:10',6891974508);
INSERT INTO CONTACT VALUES (74410903,4275581900,33268791,'2020-12-11 01:50:50',5216869774);
INSERT INTO CONTACT VALUES (22354044,2348501568,98561339,'2021-07-05 06:41:38',7043602163);
INSERT INTO CONTACT VALUES (48342581,7156262616,62873101,'2021-05-10 22:24:46',6299750784);
INSERT INTO CONTACT VALUES (29145543,4340461277,65122964,'2021-07-09 01:07:48',2941002179);
INSERT INTO CONTACT VALUES (58243630,4408369506,72693921,'2021-07-25 06:52:54',1157637267);
INSERT INTO CONTACT VALUES (36837736,5797761939,42797818,'2020-09-19 01:34:19',1740285595);
INSERT INTO CONTACT VALUES (45146102,8340610915,35638239,'2020-11-05 21:00:35',5108642475);
INSERT INTO CONTACT VALUES (37559170,7480616914,70379637,'2020-09-17 03:45:41',4810778430);
INSERT INTO CONTACT VALUES (61701117,5270140296,96299827,'2021-04-20 06:55:17',1128421085);
INSERT INTO CONTACT VALUES (95149188,5270140296,76316382,'2021-02-18 06:04:20',3005419391);
INSERT INTO CONTACT VALUES (24267283,5797761939,74477888,'2021-04-14 02:05:45',8328720487);
INSERT INTO CONTACT VALUES (24377140,6291557496,35337078,'2020-08-25 03:08:36',6057828047);
INSERT INTO CONTACT VALUES (77711279,7600946128,34160198,'2021-02-26 15:48:20',2672707545);
INSERT INTO CONTACT VALUES (83983585,1944628044,94053797,'2021-01-20 02:05:12',2599347892);
INSERT INTO CONTACT VALUES (37947301,6613439305,12736035,'2020-09-06 20:24:29',3040398187);
INSERT INTO CONTACT VALUES (60363732,7480616914,43269856,'2021-07-23 11:07:22',3339949702);
INSERT INTO CONTACT VALUES (94254679,4340461277,51090547,'2020-07-23 15:22:06',3271579572);
INSERT INTO CONTACT VALUES (80393090,1885754603,72693921,'2021-01-31 16:11:13',3063357577);
INSERT INTO CONTACT VALUES (30849605,7000606961,70379637,'2021-06-12 00:23:12',6473271219);
INSERT INTO CONTACT VALUES (57866155,1267902457,12034414,'2021-04-25 18:52:13',1153651679);
INSERT INTO CONTACT VALUES (19218524,8340610915,98561339,'2020-10-18 16:01:45',7417385103);
INSERT INTO CONTACT VALUES (98422768,9319494392,92485632,'2020-06-29 08:15:27',5934540750);
INSERT INTO CONTACT VALUES (38619067,4340461277,15507113,'2021-06-24 01:29:28',7234935417);
INSERT INTO CONTACT VALUES (81074769,5270140296,74300100,'2020-11-19 13:54:32',2178425624);
INSERT INTO CONTACT VALUES (55535420,1267902457,29872589,'2020-07-10 11:51:31',3002458126);
INSERT INTO CONTACT VALUES (87316637,2348501568,64649295,'2021-06-18 05:35:12',7255824842);
INSERT INTO CONTACT VALUES (28203246,1617315176,23142951,'2020-11-23 20:16:29',1312539846);
INSERT INTO CONTACT VALUES (34709239,8709381053,36703446,'2021-04-23 17:47:13',2585330314);
INSERT INTO CONTACT VALUES (20037440,7600946128,12736035,'2020-06-08 17:03:43',2493628777);
INSERT INTO CONTACT VALUES (87994515,5797761939,60460586,'2021-04-27 01:34:39',7963674032);
INSERT INTO CONTACT VALUES (54836493,6878686775,80846383,'2021-05-24 04:19:35',6424068100);
INSERT INTO CONTACT VALUES (20368636,2348501568,24125586,'2021-02-16 07:23:20',5531057369);
INSERT INTO CONTACT VALUES (66603968,4408369506,96989139,'2020-09-12 08:01:26',5861606467);
INSERT INTO CONTACT VALUES (40941917,1885754603,96989139,'2021-04-19 11:28:01',1524609238);
INSERT INTO CONTACT VALUES (99432074,7156262616,85090874,'2020-12-11 18:55:14',5911397746);
INSERT INTO CONTACT VALUES (73331369,8340610915,43856147,'2021-01-20 13:01:04',6149050076);
INSERT INTO CONTACT VALUES (97162433,7600946128,10522464,'2020-06-14 09:33:15',2636488082);
INSERT INTO CONTACT VALUES (83676471,7480616914,38359171,'2021-01-27 17:53:27',2351096737);
INSERT INTO CONTACT VALUES (53730086,1617315176,31861993,'2021-01-13 01:03:00',5364202731);
INSERT INTO CONTACT VALUES (83074932,7480616914,89447488,'2020-07-08 12:51:28',5819612805);
INSERT INTO CONTACT VALUES (72494887,7156262616,21794222,'2020-12-19 16:41:19',4084724892);
INSERT INTO CONTACT VALUES (47593597,5270140296,24125586,'2020-07-07 13:55:52',5743228570);
INSERT INTO CONTACT VALUES (40191129,6878686775,85996059,'2021-02-16 20:31:18',3444566422);
INSERT INTO CONTACT VALUES (18602849,2348501568,28043865,'2020-09-21 09:21:38',2654887411);
INSERT INTO CONTACT VALUES (70636433,4275581900,34160198,'2021-07-02 05:55:51',7678280836);
INSERT INTO CONTACT VALUES (94921753,4340461277,23142951,'2020-11-17 18:45:47',8300602872);
INSERT INTO CONTACT VALUES (62876550,4340461277,76316382,'2021-03-25 01:52:53',5442712665);
INSERT INTO CONTACT VALUES (18169924,2113908391,64672838,'2020-06-08 01:28:00',1714033454);
INSERT INTO CONTACT VALUES (81616672,4340461277,28868392,'2020-10-24 13:47:24',4584857363);
INSERT INTO CONTACT VALUES (37195677,6291557496,41689973,'2020-12-30 13:08:33',3814043846);
INSERT INTO CONTACT VALUES (92679917,1267902457,74300100,'2021-06-07 06:14:38',5140973094);
INSERT INTO CONTACT VALUES (78388463,6613439305,52288174,'2021-05-15 00:56:58',6035603999);
INSERT INTO CONTACT VALUES (75917371,7000606961,38409661,'2021-03-09 03:01:46',1649878303);
INSERT INTO CONTACT VALUES (80787405,8461940339,21351288,'2021-05-24 22:55:28',3615901774);
INSERT INTO CONTACT VALUES (76145518,2555264711,21351288,'2020-10-21 18:44:11',1753661944);
INSERT INTO CONTACT VALUES (34922848,8340610915,21719621,'2021-07-15 11:03:31',9265212217);
INSERT INTO CONTACT VALUES (28427978,1885754603,49269360,'2020-08-30 08:16:41',5970518887);
INSERT INTO CONTACT VALUES (63720787,8570069826,38504506,'2021-03-28 17:56:00',6485304204);
INSERT INTO CONTACT VALUES (90292148,8461940339,71272484,'2021-06-08 11:04:14',7103836775);
INSERT INTO CONTACT VALUES (26960461,2555264711,47715786,'2020-12-05 11:09:08',6456604239);
INSERT INTO CONTACT VALUES (91190900,8709381053,48711173,'2020-09-22 23:03:20',6335333697);
INSERT INTO CONTACT VALUES (21120635,4340461277,21719621,'2020-09-09 07:30:45',4410559935);
INSERT INTO CONTACT VALUES (97536679,4275581900,38504506,'2020-07-08 02:54:06',9915129282);
INSERT INTO CONTACT VALUES (19085655,7600946128,73296725,'2020-08-29 09:50:54',5373233968);
INSERT INTO CONTACT VALUES (61698861,7480616914,70536983,'2020-07-02 21:23:39',9641858138);
INSERT INTO CONTACT VALUES (85899500,4340461277,38409661,'2021-07-18 13:13:22',6050934334);
INSERT INTO CONTACT VALUES (88169552,7600946128,73296725,'2021-08-03 00:08:59',4278626489);
INSERT INTO CONTACT VALUES (63028342,8709381053,27036130,'2021-04-29 18:29:20',5993115106);
INSERT INTO CONTACT VALUES (33255634,8461940339,48711173,'2020-08-20 05:02:14',6264599268);
INSERT INTO CONTACT VALUES (78705460,4408369506,48711173,'2020-08-12 12:19:18',4795229977);
INSERT INTO CONTACT VALUES (24043698,4601383227,70536983,'2020-08-30 12:17:06',8609509711);
INSERT INTO CONTACT VALUES (22045726,7480616914,26347124,'2021-02-14 00:54:18',9169918215);
INSERT INTO CONTACT VALUES (30303304,2348501568,16938796,'2020-08-19 12:26:08',9203792736);
INSERT INTO CONTACT VALUES (96256503,7000606961,21719621,'2021-07-14 04:01:23',3230724979);
INSERT INTO CONTACT VALUES (67698519,6613439305,21351288,'2020-12-30 16:51:06',8372517831);
INSERT INTO CONTACT VALUES (33000405,2113908391,57649742,'2021-01-24 06:55:38',9653244818);
INSERT INTO CONTACT VALUES (46150111,4275581900,72227604,'2021-06-26 13:36:38',7563828647);
INSERT INTO CONTACT VALUES (64282508,7600946128,57649742,'2020-11-19 17:50:45',8266651067);
INSERT INTO CONTACT VALUES (94694020,6878686775,72227604,'2021-06-27 02:19:09',3729990507);
INSERT INTO CONTACT VALUES (71766795,5797761939,52288174,'2020-06-12 16:45:13',2405319782);
INSERT INTO CONTACT VALUES (36276498,8340610915,38409661,'2020-12-23 16:37:54',3921533109);
INSERT INTO CONTACT VALUES (86305771,5797761939,48711173,'2020-08-18 14:44:17',5985754262);
INSERT INTO CONTACT VALUES (57359606,5270140296,27036130,'2021-07-25 16:32:56',5893836621);
INSERT INTO CONTACT VALUES (21554213,1944628044,71272484,'2021-02-08 23:40:56',8488546956);
INSERT INTO CONTACT VALUES (45541601,4275581900,16938796,'2021-01-28 16:26:54',8101994243);
INSERT INTO CONTACT VALUES (72428815,7480616914,72227604,'2021-05-07 20:27:18',1427233346);
INSERT INTO CONTACT VALUES (30633333,4275581900,38504506,'2021-01-20 20:07:38',2657693472);
INSERT INTO CONTACT VALUES (65699729,4275581900,21351288,'2021-04-07 00:53:48',3986381496);
INSERT INTO CONTACT VALUES (81871222,7000606961,47715786,'2020-07-27 08:41:32',8696205669);
INSERT INTO CONTACT VALUES (34105931,4601383227,57649742,'2021-01-02 04:12:29',7092189089);
INSERT INTO CONTACT VALUES (86887572,1885754603,72227604,'2021-02-07 11:22:11',4135480807);


COMMIT;

/* Test report; showing all the test result for a single participant identified by date of birth, family name and postcode*/
select p.pat_dob, p.pat_lname, p.pat_postcode, t.test_result, t.Virus_Variant from patient p, test_record t where p.nhs_number = t.patient_number AND p.nhs_number = 8709381053;

/*Virus variant distribution over the last 12 months*/
select tr.Virus_variant, count(tr.Virus_Variant) as Cases_in_past_12_months from test_record tr LEFT JOIN test t on tr.test_id = t.test_id where tr.test_result = 'y' AND t.Test_Date between '2020-08-13' AND '2021-08-12' group by tr.Virus_Variant order by tr.Virus_Variant;

/*Number of positive tests over the last 12 months per country i.e. England, Scotland, Wales and Northern Ireland.*/
Select p.pat_country, count(tr.test_result) from patient p left join test t on p.NHS_Number = t.Patient_Number join test_record tr on tr.test_id = t.test_id where tr.test_result = 'y' AND t.Test_Date between '2020-08-13' AND '2021-08-12' group by p.pat_country order by p.pat_country;